"","Hybrid","S1_680802","S1_783048","S1_696158","S1_126019","S1_696237","S1_702616","S1_729554","S1_729410","S1_291083","S1_162353"
"1","B14A/H95","+","+","+-","-","+-","+","+-","-","-","+"
"2","B14A/MO17","+","+","+-","+-","+-","+","+-","-","-","+-"
"3","B14A/OH43","+-","+","-","-","+","+","-","-","+-","+"
"4","B37/H95","+","+","+","-","-","+","+","+-","-","+"
"5","B37/MO17","+","+","+","+-","-","+","+","+-","-","+-"
"6","B37/OH43","+-","+","+-","-","+-","+","+-","+-","+-","+"
"7","B73/MO17","+-","+","+-","+-","+-","+","+-","-","-","+-"
"8","B73/PHK76","+-","+","+-","-","+-","+","+-","-","+-","+"
"9","B73/PHM49","+-","+","+-","-","+-","+","+-","+-","-","+"
"10","B73/PHN82","+-","+","+-","-","+-","+","+-","+-","-","+"
"11","B73/PHZ51","+-","+","-","+-","+-","+","+-","-","-","+-"
"12","B73/TX779","+-","+","-","-","+-","+","-","-","-","+"
"13","CG119/CG108","+","+-","+-","-","-","+-","+-","+-","-","+"
"14","CG44/CGR01","+","+","+","-","-","+","+","+-","-","+"
"15","F42/H95","+-","+","+-","-","+-","+","+-","-","-","+"
"16","F42/MO17","+-","+","+-","+-","+-","+","+-","-","-","+-"
"17","F42/OH43","-","+","-","-","+","+","-","-","+-","+"
"18","LH132/TX779","+","+","-","-","+-","+","-","-","-","+"
"19","LH145/LH82","+","+","+-","-","-","+","+","-","-","+"
"20","LH195/MO17","+-","+","+-","+-","+-","+","+-","-","-","+-"
"21","LH195/PHK76","+-","+","+-","-","+-","+","+-","-","+-","+"
"22","LH195/PHN82","+-","+","+-","-","+-","+","+-","+-","-","+"
"23","LH195/PHZ51","+-","+","-","+-","+-","+","+-","-","-","+-"
"24","LH244/MO17","+-","+","+-","+-","+-","+","+-","-","-","+-"
"25","LH244/PHK76","+-","+","+-","-","+-","+","+-","-","+-","+"
"26","LH244/PHN82","+-","+","+-","-","+-","+","+-","+-","-","+"
"27","LH244/PHZ51","+-","+","-","+-","+-","+","+-","-","-","+-"
"28","LH74/PHN82","+","+","+","-","-","+","+","+-","-","+"
"29","LH82/TX779","+","+","-","-","-","+","+-","-","-","+"
"30","PB80/TX779","+-","+","-","-","+-","+","-","-","-","+"
"31","PHB47/MO17","+","+","+","+-","-","+","+","+-","-","+-"
"32","PHB47/PHK76","+","+","+","-","-","+","+","+-","+-","+"
"33","PHB47/PHN82","+","+","+","-","-","+","+","+","-","+"
"34","PHB47/PHZ51","+","+","+-","+-","-","+","+","+-","-","+-"
"35","PHG29/PHG47","+","+","+","-","-","+","+","+-","-","+"
"36","PHG39/PHN82","+","+","+","-","-","+","+","+","-","+"
"37","PHJ40/PHAJ0","+-","+-","-","-","+-","+-","-","+-","-","+"
"38","PHJ89/PH207","+","+","+","-","-","+","+","+-","-","+"
"39","PHRE1/PHTD5","+","+","+","-","-","+","+","+","-","+"
"40","PHW52/PHM49","+","+","+","-","-","+","+","+","-","+"
"41","PHW52/PHN82","+","+","+","-","-","+","+","+","-","+"
"42","TX714/PHZ51","+-","+","-","+-","+-","+","+-","-","-","+-"
"43","TX714/TX779","+-","+","-","-","+-","+","-","-","-","+"
"44","TX773/TX779","+","+","+-","-","-","+","+-","+-","-","+"
"45","TX777/LH195","+","+","+","-","+","+","+","+","-","+"
"46","TX779/LH195","+-","+","-","-","+-","+","-","-","-","+"
"47","TX951/LH195","-","+","-","-","+","+","-","-","+-","+"
"48","W10004_0006/PHK76","+","+","+","-","-","+","+","-","+-","+"
"49","W10004_0006/PHZ51","+","+","+-","+-","-","+","+","-","-","+-"
"50","W10004_0007/PHK76","+","+","+","-","-","+","+","+-","+-","+"
"51","W10004_0007/PHZ51","+","+","+-","+-","-","+","+","+-","-","+-"
"52","W10004_0008/PHK76","+","+","+-","-","-","+-","+-","+-","+-","+"
"53","W10004_0008/PHZ51","+","+","-","+-","-","+-","+-","+-","-","+-"
"54","W10004_0010/PHK76","+","+","+-","-","-","+","+","-","+-","+"
"55","W10004_0010/PHZ51","+","+","-","+-","-","+","+","-","-","+-"
"56","W10004_0011/PHK76","+","+","+","-","-","+","+","+-","+-","+"
"57","W10004_0011/PHZ51","+","+","+-","+-","-","+","+","+-","-","+-"
"58","W10004_0013/PHK76","+","+","+","-","-","+","+","-","+-","+"
"59","W10004_0013/PHZ51","+","+","+-","+-","-","+","+","-","-","+-"
"60","W10004_0014/PHK76","+","+","+","-","-","+","+","+-","+-","+"
"61","W10004_0014/PHZ51","+","+","+-","+-","-","+","+","+-","-","+-"
"62","W10004_0018/PHK76","+","+","+","-","-","+","+","-","+","+"
"63","W10004_0018/PHZ51","+","+","+-","+-","-","+","+","-","+-","+-"
"64","W10004_0026/PHK76","+","+","+-","-","-","+","+","-","+-","+"
"65","W10004_0026/PHZ51","+","+","-","+-","-","+","+","-","-","+-"
"66","W10004_0027/PHK76","+-","+","+-","-","+-","+","+-","-","+-","+"
"67","W10004_0027/PHZ51","+-","+","-","+-","+-","+","+-","-","-","+-"
"68","W10004_0031/PHK76","+","+","+-","-","-","+-","+-","+-","+-","+"
"69","W10004_0031/PHZ51","+","+","-","+-","-","+-","+-","+-","-","+-"
"70","W10004_0032/PHK76","+","+","+","-","-","+","+","+-","+-","+"
"71","W10004_0032/PHZ51","+","+","+-","+-","-","+","+","+-","-","+-"
"72","W10004_0034/PHK76","+","+","+","-","-","+","+","+-","+-","+"
"73","W10004_0034/PHZ51","+","+","+-","+-","-","+","+","+-","-","+-"
"74","W10004_0035/PHK76","+","+","+-","-","-","+","+","-","+-","+"
"75","W10004_0035/PHZ51","+","+","-","+-","-","+","+","-","-","+-"
"76","W10004_0037/PHK76","+","+","+","-","-","+","+","+-","+-","+"
"77","W10004_0037/PHZ51","+","+","+-","+-","-","+","+","+-","-","+-"
"78","W10004_0038/PHK76","+","+","+-","-","-","+-","+-","+-","+-","+"
"79","W10004_0038/PHZ51","+","+","-","+-","-","+-","+-","+-","-","+-"
"80","W10004_0039/PHK76","+","+","+-","-","-","+-","+-","+-","+-","+"
"81","W10004_0039/PHZ51","+","+","-","+-","-","+-","+-","+-","-","+-"
"82","W10004_0041/PHK76","+","+","+","-","-","+","+","+-","+-","+"
"83","W10004_0041/PHZ51","+","+","+-","+-","-","+","+","+-","-","+-"
"84","W10004_0042/PHK76","+","+","+","-","-","+","+","+-","+-","+"
"85","W10004_0042/PHZ51","+","+","+-","+-","-","+","+","+-","-","+-"
"86","W10004_0045/PHK76","+","+","+-","-","-","+","+","-","+-","+"
"87","W10004_0045/PHZ51","+","+","-","+-","-","+","+","-","-","+-"
"88","W10004_0046/PHK76","+","+","+","-","-","+","+","+-","+-","+"
"89","W10004_0046/PHZ51","+","+","+-","+-","-","+","+","+-","-","+-"
"90","W10004_0047/PHK76","+-","+","+","-","-","+","+","-","+-","+"
"91","W10004_0047/PHZ51","+-","+","+-","+-","-","+","+","-","-","+-"
"92","W10004_0053/PHK76","+-","+","+-","-","+-","+","+-","-","+-","+"
"93","W10004_0053/PHZ51","+-","+","-","+-","+-","+","+-","-","-","+-"
"94","W10004_0055/PHK76","+","+","+","-","-","+","+","-","+-","+"
"95","W10004_0055/PHZ51","+","+","+-","+-","-","+","+","-","-","+-"
"96","W10004_0059/PHK76","+","+","+","-","-","+","+","+-","+-","+"
"97","W10004_0061/PHK76","+","+","+","-","-","+","+","-","+-","+"
"98","W10004_0061/PHZ51","+","+","+-","+-","-","+","+","-","-","+-"
"99","W10004_0062/PHK76","+","+","+","-","-","+","+","-","+-","+"
"100","W10004_0062/PHZ51","+","+","+-","+-","-","+","+","-","-","+-"
"101","W10004_0063/PHK76","+","+-","+-","-","-","+-","+-","+-","+-","+"
"102","W10004_0063/PHZ51","+","+-","-","+-","-","+-","+-","+-","-","+-"
"103","W10004_0064/PHK76","+","+","+","-","-","+","+","+-","+-","+"
"104","W10004_0064/PHZ51","+","+","+-","+-","-","+","+","+-","-","+-"
"105","W10004_0065/PHK76","+","+","+","-","-","+","+","+-","+-","+"
"106","W10004_0065/PHZ51","+","+","+-","+-","-","+","+","+-","-","+-"
"107","W10004_0068/PHK76","+-","+","+-","-","+-","+","+-","-","+-","+"
"108","W10004_0068/PHZ51","+-","+","-","+-","+-","+","+-","-","-","+-"
"109","W10004_0069/PHK76","+","+","+","-","-","+","+","-","+-","+"
"110","W10004_0069/PHZ51","+","+","+-","+-","-","+","+","-","-","+-"
"111","W10004_0070/PHK76","+","+","+","-","-","+","+","-","+-","+"
"112","W10004_0070/PHZ51","+","+","+-","+-","-","+","+","-","-","+-"
"113","W10004_0071/PHK76","+","+","+","-","-","+","+","-","+-","+"
"114","W10004_0071/PHZ51","+","+","+-","+-","-","+","+","-","-","+-"
"115","W10004_0072/PHK76","+-","+","+-","-","+-","+","+-","-","+-","+"
"116","W10004_0072/PHZ51","+-","+","-","+-","+-","+","+-","-","-","+-"
"117","W10004_0073/PHK76","+-","+","+-","-","+-","+","+-","-","+-","+"
"118","W10004_0073/PHZ51","+-","+","-","+-","+-","+","+-","-","-","+-"
"119","W10004_0076/PHK76","+","+","+","-","-","+","+","-","+-","+"
"120","W10004_0076/PHZ51","+","+","+-","+-","-","+","+","-","-","+-"
"121","W10004_0078/PHK76","+","+","+-","-","-","+-","+-","+-","+-","+"
"122","W10004_0078/PHZ51","+","+","-","+-","-","+-","+-","+-","-","+-"
"123","W10004_0079/PHK76","+","+","+-","-","-","+-","+-","+-","+-","+"
"124","W10004_0079/PHZ51","+","+","-","+-","-","+-","+-","+-","-","+-"
"125","W10004_0080/PHK76","+","+","+","-","-","+","+","-","+-","+"
"126","W10004_0080/PHZ51","+","+","+-","+-","-","+","+","-","-","+-"
"127","W10004_0086/PHK76","+","+","+","-","-","+","+","+-","+-","+"
"128","W10004_0086/PHZ51","+","+","+-","+-","-","+","+","+-","-","+-"
"129","W10004_0087/PHK76","+","+","+-","-","-","+-","+-","+-","+-","+"
"130","W10004_0087/PHZ51","+","+","-","+-","-","+-","+-","+-","-","+-"
"131","W10004_0092/PHK76","+","+","+","-","-","+","+","+-","+-","+"
"132","W10004_0092/PHZ51","+","+","+-","+-","-","+","+","+-","-","+-"
"133","W10004_0093/PHK76","+","+","+","-","-","+","+","-","+-","+"
"134","W10004_0093/PHZ51","+","+","+-","+-","-","+","+","-","-","+-"
"135","W10004_0095/PHK76","+","+","+","-","-","+","+","+-","+-","+"
"136","W10004_0095/PHZ51","+","+","+-","+-","-","+","+","+-","-","+-"
"137","W10004_0097/PHK76","+","+","+","-","-","+","+","+-","+-","+"
"138","W10004_0097/PHZ51","+","+","+-","+-","-","+","+","+-","-","+-"
"139","W10004_0098/PHK76","+","+","+-","-","-","+-","+-","+-","+-","+"
"140","W10004_0098/PHZ51","+","+","-","+-","-","+-","+-","+-","-","+-"
"141","W10004_0099/PHK76","+-","+","+-","-","+-","+","+-","-","+-","+"
"142","W10004_0099/PHZ51","+-","+","-","+-","+-","+","+-","-","-","+-"
"143","W10004_0101/PHK76","+","+","+","-","-","+","+","-","+-","+"
"144","W10004_0101/PHZ51","+","+","+-","+-","-","+","+","-","-","+-"
"145","W10004_0103/PHK76","+-","+","+-","-","+-","+","+-","-","+-","+"
"146","W10004_0103/PHZ51","+-","+","-","+-","+-","+","+-","-","-","+-"
"147","W10004_0106/PHK76","+","+","+","-","-","+","+","+-","+-","+"
"148","W10004_0106/PHZ51","+","+","+-","+-","-","+","+","+-","-","+-"
"149","W10004_0110/PHK76","+","+","+","-","-","+","+","-","+-","+"
"150","W10004_0110/PHZ51","+","+","+-","+-","-","+","+","-","-","+-"
"151","W10004_0112/PHK76","+","+","+-","-","-","+-","+-","+-","+-","+"
"152","W10004_0112/PHZ51","+","+","-","+-","-","+-","+-","+-","-","+-"
"153","W10004_0115/PHK76","+","+","+","-","-","+","+","-","+-","+"
"154","W10004_0115/PHZ51","+","+","+-","+-","-","+","+","-","-","+-"
"155","W10004_0116/PHK76","+","+","+","-","-","+","+","-","+-","+"
"156","W10004_0116/PHZ51","+","+","+-","+-","-","+","+","-","-","+-"
"157","W10004_0118/PHK76","+-","+","+-","-","+-","+","+-","-","+-","+"
"158","W10004_0118/PHZ51","+-","+","-","+-","+-","+","+-","-","-","+-"
"159","W10004_0119/PHK76","+","+","+","-","-","+","+","-","+-","+"
"160","W10004_0119/PHZ51","+","+","+-","+-","-","+","+","-","-","+-"
"161","W10004_0121/PHK76","+-","+","+-","-","+-","+","+-","-","+-","+"
"162","W10004_0121/PHZ51","+-","+","-","+-","+-","+","+-","-","-","+-"
"163","W10004_0122/PHK76","+","+","+","-","-","+","+","+-","+-","+"
"164","W10004_0122/PHZ51","+","+","+-","+-","-","+","+","+-","-","+-"
"165","W10004_0127/PHK76","+","+","+","-","-","+","+","+-","+-","+"
"166","W10004_0127/PHZ51","+","+","+-","+-","-","+","+","+-","-","+-"
"167","W10004_0129/PHK76","+","+","+","-","-","+","+","-","+-","+"
"168","W10004_0129/PHZ51","+","+","+-","+-","-","+","+","-","-","+-"
"169","W10004_0132/PHK76","+","+","+","-","-","+","+","+-","+-","+"
"170","W10004_0132/PHZ51","+","+","+-","+-","-","+","+","+-","-","+-"
"171","W10004_0133/PHK76","+","+","+","-","-","+","+","+-","+-","+"
"172","W10004_0133/PHZ51","+","+","+-","+-","-","+","+","+-","-","+-"
"173","W10004_0134/PHK76","+","+","+","-","-","+","+","+-","+-","+"
"174","W10004_0134/PHZ51","+","+","+-","+-","-","+","+","+-","-","+-"
"175","W10004_0138/PHK76","+","+","+","-","-","+","+","+-","+-","+"
"176","W10004_0138/PHZ51","+","+","+-","+-","-","+","+","+-","-","+-"
"177","W10004_0140/PHK76","+","+","+","-","-","+","+","-","+-","+"
"178","W10004_0140/PHZ51","+","+","+-","+-","-","+","+","-","-","+-"
"179","W10004_0144/PHK76","+","+","+","-","-","+","+","-","+-","+"
"180","W10004_0144/PHZ51","+","+","+-","+-","-","+","+","-","-","+-"
"181","W10004_0146/PHK76","+","+","+-","-","-","+-","+-","+-","+-","+"
"182","W10004_0146/PHZ51","+","+","-","+-","-","+-","+-","+-","-","+-"
"183","W10004_0147/PHK76","+","+","+","-","-","+","+","+-","+-","+"
"184","W10004_0147/PHZ51","+","+","+-","+-","-","+","+","+-","-","+-"
"185","W10004_0148/PHK76","+","+","+","-","-","+","+","+-","+-","+"
"186","W10004_0148/PHZ51","+","+","+-","+-","-","+","+","+-","-","+-"
"187","W10004_0149/PHK76","+-","+","+-","-","+-","+","+-","-","+-","+"
"188","W10004_0149/PHZ51","+-","+","-","+-","+-","+","+-","-","-","+-"
"189","W10004_0150/PHK76","+","+","+-","-","-","+","+","-","+-","+"
"190","W10004_0150/PHZ51","+","+","-","+-","-","+","+","-","-","+-"
"191","W10004_0152/PHK76","+-","+","+-","-","+-","+","+-","-","+-","+"
"192","W10004_0152/PHZ51","+-","+","-","+-","+-","+","+-","-","-","+-"
"193","W10004_0153/PHK76","+","+","+","-","-","+","+","-","+-","+"
"194","W10004_0153/PHZ51","+","+","+-","+-","-","+","+","-","-","+-"
"195","W10004_0154/PHK76","+","+","+-","-","-","+-","+-","+-","+-","+"
"196","W10004_0154/PHZ51","+","+","-","+-","-","+-","+-","+-","-","+-"
"197","W10004_0160/PHK76","+","+","+-","-","-","+-","+-","+-","+-","+"
"198","W10004_0160/PHZ51","+","+","-","+-","-","+-","+-","+-","-","+-"
"199","W10004_0161/PHZ51","+","+","+-","+-","-","+","+","+-","-","+-"
"200","W10004_0166/PHK76","+","+","+","-","-","+","+","-","+-","+"
"201","W10004_0166/PHZ51","+","+","+-","+-","-","+","+","-","-","+-"
"202","W10004_0167/PHK76","+","+","+","-","-","+","+","+-","+-","+"
"203","W10004_0167/PHZ51","+","+","+-","+-","-","+","+","+-","-","+-"
"204","W10004_0168/PHK76","+-","+","+-","-","+-","+","+-","-","+-","+"
"205","W10004_0168/PHZ51","+-","+","-","+-","+-","+","+-","-","-","+-"
"206","W10004_0169/PHK76","+","+","+","-","-","+","+","-","+-","+"
"207","W10004_0169/PHZ51","+","+","+-","+-","-","+","+","-","-","+-"
"208","W10004_0171/PHK76","+-","+","+-","-","+-","+","+-","-","+-","+"
"209","W10004_0178/PHK76","+","+","+","-","-","+","+","-","+-","+"
"210","W10004_0178/PHZ51","+","+","+-","+-","-","+","+","-","-","+-"
"211","W10004_0179/PHK76","+","+","+","-","-","+","+","-","+-","+"
"212","W10004_0179/PHZ51","+","+","+-","+-","-","+","+","-","-","+-"
"213","W10004_0185/PHK76","+","+","+","-","-","+","+","+-","+-","+"
"214","W10004_0185/PHZ51","+","+","+-","+-","-","+","+","+-","-","+-"
"215","W10004_0189/PHZ51","+","+","-","+-","-","+-","+-","+-","-","+-"
"216","W10004_0190/PHK76","+","+","+","-","-","+","+","-","+-","+"
"217","W10004_0190/PHZ51","+","+","+-","+-","-","+","+","-","-","+-"
"218","W10004_0192/PHK76","+","+","+","-","-","+","+","+-","+-","+"
"219","W10004_0192/PHZ51","+","+","+-","+-","-","+","+","+-","-","+-"
"220","W10004_0194/PHK76","+","+","+","-","-","+","+","+-","+-","+"
"221","W10004_0194/PHZ51","+","+","+-","+-","-","+","+","+-","-","+-"
"222","W10004_0196/PHK76","+","+","+","-","-","+","+","+-","+-","+"
"223","W10004_0196/PHZ51","+","+","+-","+-","-","+","+","+-","-","+-"
"224","W10004_0197/PHK76","+","+","+","-","-","+","+","-","+-","+"
"225","W10004_0197/PHZ51","+","+","+-","+-","-","+","+","-","-","+-"
"226","W10004_0199/PHK76","+","+","+","-","-","+","+","+-","+-","+"
"227","W10004_0199/PHZ51","+","+","+-","+-","-","+","+","+-","-","+-"
"228","W10004_0200/PHK76","+","+","+","-","-","+","+","-","+-","+"
"229","W10004_0200/PHZ51","+","+","+-","+-","-","+","+","-","-","+-"
"230","W10004_0203/PHK76","+-","+","+-","-","+-","+","+-","-","+-","+"
"231","W10004_0203/PHZ51","+-","+","-","+-","+-","+","+-","-","-","+-"
"232","W10004_0204/PHK76","+","+","+-","-","-","+-","+-","+-","+-","+"
"233","W10004_0204/PHZ51","+","+","-","+-","-","+-","+-","+-","-","+-"
"234","W10004_0206/PHK76","+","+","+","-","-","+","+","-","+-","+"
"235","W10004_0206/PHZ51","+","+","+-","+-","-","+","+","-","-","+-"
"236","W10004_0212/PHK76","+","+","+-","-","-","+","+-","+-","+-","+"
"237","W10004_0212/PHZ51","+","+","-","+-","-","+","+-","+-","-","+-"
"238","W10004_0213/PHK76","+","+","+-","-","-","+-","+-","+-","+-","+"
"239","W10004_0213/PHZ51","+","+","-","+-","-","+-","+-","+-","-","+-"
"240","W10004_0217/PHK76","+","+","+-","-","-","+-","+-","+-","+-","+"
"241","W10004_0217/PHZ51","+","+","-","+-","-","+-","+-","+-","-","+-"
"242","W10004_0220/PHK76","+","+","+-","-","-","+-","+-","+-","+-","+"
"243","W10004_0220/PHZ51","+","+","-","+-","-","+-","+-","+-","-","+-"
"244","W10004_0221/PHK76","+","+","+","-","-","+","+","-","+-","+"
"245","W10004_0221/PHZ51","+","+","+-","+-","-","+","+","-","-","+-"
"246","W10004_0223/PHK76","+","+","+","-","-","+","+","-","+-","+"
"247","W10004_0223/PHZ51","+","+","+-","+-","-","+","+","-","-","+-"
"248","W10004_0224/PHK76","+","+","+","-","-","+","+","+-","+-","+"
"249","W10004_0224/PHZ51","+","+","+-","+-","-","+","+","+-","-","+-"
"250","W10004_0225/PHK76","+","+","+","-","-","+","+","-","+-","+"
"251","W10004_0225/PHZ51","+","+","+-","+-","-","+","+","-","-","+-"
"252","W10004_0227/PHK76","+","+","+","-","-","+","+","-","+-","+"
"253","W10004_0227/PHZ51","+","+","+-","+-","-","+","+","-","-","+-"
"254","W10004_0231/PHK76","+-","+","+","-","-","+","+","-","+-","+"
"255","W10004_0231/PHZ51","+-","+","+-","+-","-","+","+","-","-","+-"
"256","W10004_0236/PHK76","+","+-","+-","-","-","+-","+-","+-","+-","+"
"257","W10004_0236/PHZ51","+","+-","-","+-","-","+-","+-","+-","-","+-"
"258","W10004_0238/PHK76","+","+","+-","-","-","+-","+-","+-","+-","+"
"259","W10004_0238/PHZ51","+","+","-","+-","-","+-","+-","+-","-","+-"
"260","W10004_0241/PHK76","+","+","+","-","-","+","+","-","+-","+"
"261","W10004_0241/PHZ51","+","+","+-","+-","-","+","+","-","-","+-"
"262","W10004_0242/PHZ51","+","+","+-","+-","-","+","+","+-","-","+-"
"263","W10004_0253/PHK76","+","+","+","-","-","+","+","-","+-","+"
"264","W10004_0253/PHZ51","+","+","+-","+-","-","+","+","-","-","+-"
"265","W10004_0254/PHK76","+","+-","+-","-","-","+-","+-","+-","+-","+"
"266","W10004_0254/PHZ51","+","+-","-","+-","-","+-","+-","+-","-","+-"
"267","W10004_0256/PHK76","+","+","+","-","-","+","+","-","+-","+"
"268","W10004_0256/PHZ51","+","+","+-","+-","-","+","+","-","-","+-"
"269","W10004_0258/PHK76","+","+","+","-","-","+","+","-","+-","+"
"270","W10004_0258/PHZ51","+","+","+-","+-","-","+","+","-","-","+-"
"271","W10004_0261/PHK76","+","+","+","-","-","+","+","+-","+-","+"
"272","W10004_0261/PHZ51","+","+","+-","+-","-","+","+","+-","-","+-"
"273","W10004_0262/PHK76","+-","+","+-","-","+-","+","+-","-","+-","+"
"274","W10004_0262/PHZ51","+-","+","-","+-","+-","+","+-","-","-","+-"
"275","W10004_0264/PHK76","+","+","+","-","-","+","+","-","+-","+"
"276","W10004_0264/PHZ51","+","+","+-","+-","-","+","+","-","-","+-"
"277","W10004_0268/PHK76","+","+","+","-","-","+","+","+-","+-","+"
"278","W10004_0268/PHZ51","+","+","+-","+-","-","+","+","+-","-","+-"
"279","W10004_0270/PHK76","+","+","+","-","-","+","+","-","+-","+"
"280","W10004_0270/PHZ51","+","+","+-","+-","-","+","+","-","-","+-"
"281","W10004_0271/PHK76","+","+","+","-","-","+","+","-","+-","+"
"282","W10004_0271/PHZ51","+","+","+-","+-","-","+","+","-","-","+-"
"283","W10004_0276/PHK76","+","+","+","-","-","+","+","-","+-","+"
"284","W10004_0276/PHZ51","+","+","+-","+-","-","+","+","-","-","+-"
"285","W10004_0290/PHK76","+","+","+","-","-","+","+","-","+-","+"
"286","W10004_0290/PHZ51","+","+","+-","+-","-","+","+","-","-","+-"
"287","W10004_0291/PHK76","+","+","+","-","-","+","+","+-","+-","+"
"288","W10004_0291/PHZ51","+","+","+-","+-","-","+","+","+-","-","+-"
"289","W10004_0292/PHK76","+","+","+","-","-","+","+","-","+-","+"
"290","W10004_0292/PHZ51","+","+","+-","+-","-","+","+","-","-","+-"
"291","W10004_0299/PHK76","+","+","+","-","-","+","+","+-","+-","+"
"292","W10004_0299/PHZ51","+","+","+-","+-","-","+","+","+-","-","+-"
"293","W10004_0306/PHK76","+","+","+-","-","-","+","+","-","+-","+"
"294","W10004_0306/PHZ51","+","+","-","+-","-","+","+","-","-","+-"
"295","W10004_0308/PHK76","+-","+","+-","-","+-","+","+-","-","+-","+"
"296","W10004_0308/PHZ51","+-","+","-","+-","+-","+","+-","-","-","+-"
"297","W10004_0309/PHK76","+-","+","+","-","-","+","+","-","+-","+"
"298","W10004_0309/PHZ51","+-","+","+-","+-","-","+","+","-","-","+-"
"299","W10004_0310/PHK76","+","+","+","-","-","+","+","-","+-","+"
"300","W10004_0310/PHZ51","+","+","+-","+-","-","+","+","-","-","+-"
"301","W10004_0311/PHK76","+","+","+","-","-","+","+","-","+-","+"
"302","W10004_0311/PHZ51","+","+","+-","+-","-","+","+","-","-","+-"
"303","W10004_0327/PHK76","+","+","+","-","-","+","+","+-","+-","+"
"304","W10004_0327/PHZ51","+","+","+-","+-","-","+","+","+-","-","+-"
"305","W10004_0329/PHK76","+","+","+-","-","-","+-","+-","+-","+-","+"
"306","W10004_0329/PHZ51","+","+","-","+-","-","+-","+-","+-","-","+-"
"307","W10004_0336/PHK76","+","+","+-","-","-","+-","+-","+-","+-","+"
"308","W10004_0336/PHZ51","+","+","-","+-","-","+-","+-","+-","-","+-"
"309","W10004_0344/PHK76","+","+","+","-","-","+","+","-","+-","+"
"310","W10004_0344/PHZ51","+","+","+-","+-","-","+","+","-","-","+-"
"311","W10004_0346/PHK76","+","+","+","-","-","+","+","+-","+-","+"
"312","W10004_0346/PHZ51","+","+","+-","+-","-","+","+","+-","-","+-"
"313","W10004_0361/PHK76","+","+","+","-","-","+","+","-","+-","+"
"314","W10004_0361/PHZ51","+","+","+-","+-","-","+","+","-","-","+-"
"315","W10004_0362/PHK76","+-","+","+-","-","+-","+","+-","-","+-","+"
"316","W10004_0362/PHZ51","+-","+","-","+-","+-","+","+-","-","-","+-"
"317","W10004_0380/PHK76","+-","+","+-","-","+-","+","+-","-","+-","+"
"318","W10004_0380/PHZ51","+-","+","-","+-","+-","+","+-","-","-","+-"
"319","W10004_0381/PHK76","+","+","+","-","-","+","+","-","+-","+"
"320","W10004_0381/PHZ51","+","+","+-","+-","-","+","+","-","-","+-"
"321","W10004_0383/PHK76","+","+","+-","-","-","+-","+-","+-","+-","+"
"322","W10004_0383/PHZ51","+","+","-","+-","-","+-","+-","+-","-","+-"
"323","W10004_0389/PHK76","+","+","+","-","-","+","+","-","+-","+"
"324","W10004_0389/PHZ51","+","+","+-","+-","-","+","+","-","-","+-"
"325","W10004_0393/PHK76","+","+","+","-","-","+","+","-","+-","+"
"326","W10004_0393/PHZ51","+","+","+-","+-","-","+","+","-","-","+-"
"327","W10004_0394/PHK76","+","+","+-","-","-","+-","+-","+-","+-","+"
"328","W10004_0394/PHZ51","+","+","-","+-","-","+-","+-","+-","-","+-"
"329","W10004_0395/PHK76","+","+","+-","-","-","+-","+-","+-","+-","+"
"330","W10004_0395/PHZ51","+","+","-","+-","-","+-","+-","+-","-","+-"
"331","W10004_0396/PHK76","+","+","+","-","-","+","+","-","+-","+"
"332","W10004_0396/PHZ51","+","+","+-","+-","-","+","+","-","-","+-"
"333","W10004_0403/PHK76","+","+","+","-","-","+","+","+-","+-","+"
"334","W10004_0403/PHZ51","+","+","+-","+-","-","+","+","+-","-","+-"
"335","W10004_0409/PHK76","+","+","+","-","-","+","+","-","+-","+"
"336","W10004_0409/PHZ51","+","+","+-","+-","-","+","+","-","-","+-"
"337","W10004_0410/PHK76","+","+","+","-","-","+","+","-","+-","+"
"338","W10004_0410/PHZ51","+","+","+-","+-","-","+","+","-","-","+-"
"339","W10004_0412/PHK76","+-","+","+-","-","+-","+","+-","-","+-","+"
"340","W10004_0412/PHZ51","+-","+","-","+-","+-","+","+-","-","-","+-"
"341","W10004_0417/PHK76","+","+","+","-","-","+","+","+-","+-","+"
"342","W10004_0417/PHZ51","+","+","+-","+-","-","+","+","+-","-","+-"
"343","W10004_0419/PHK76","+","+","+-","-","-","+-","+-","+-","+-","+"
"344","W10004_0419/PHZ51","+","+","-","+-","-","+-","+-","+-","-","+-"
"345","W10004_0424/PHK76","+","+","+","-","-","+","+","-","+-","+"
"346","W10004_0424/PHZ51","+","+","+-","+-","-","+","+","-","-","+-"
"347","W10004_0427/PHK76","+-","+","+-","-","+-","+","+-","-","+-","+"
"348","W10004_0427/PHZ51","+-","+","-","+-","+-","+","+-","-","-","+-"
"349","W10004_0430/PHK76","+","+","+","-","-","+","+","-","+-","+"
"350","W10004_0430/PHZ51","+","+","+-","+-","-","+","+","-","-","+-"
"351","W10004_0465/PHK76","+","+","+-","-","-","+-","+-","+-","+-","+"
"352","W10004_0465/PHZ51","+","+","-","+-","-","+-","+-","+-","-","+-"
"353","W10004_0467/PHK76","+","+","+","-","-","+","+","-","+-","+"
"354","W10004_0467/PHZ51","+","+","+-","+-","-","+","+","-","-","+-"
"355","W10004_0474/PHK76","+","+","+","-","-","+","+","-","+-","+"
"356","W10004_0474/PHZ51","+","+","+-","+-","-","+","+","-","-","+-"
"357","W10004_0476/PHK76","+","+","+","-","-","+","+","+-","+-","+"
"358","W10004_0476/PHZ51","+","+","+-","+-","-","+","+","+-","-","+-"
"359","W10004_0487/PHK76","+","+","+","-","-","+","+","+-","+-","+"
"360","W10004_0487/PHZ51","+","+","+-","+-","-","+","+","+-","-","+-"
"361","W10004_0498/PHK76","+","+","+","-","-","+","+","+-","+-","+"
"362","W10004_0498/PHZ51","+","+","+-","+-","-","+","+","+-","-","+-"
"363","W10004_0501/PHK76","+","+","+","-","-","+","+","+-","+-","+"
"364","W10004_0501/PHZ51","+","+","+-","+-","-","+","+","+-","-","+-"
"365","W10004_0505/PHK76","+","+","+-","-","-","+-","+-","+-","+-","+"
"366","W10004_0505/PHZ51","+","+","-","+-","-","+-","+-","+-","-","+-"
"367","W10004_0601/PHK76","+","+","+-","-","-","+-","+-","+-","+-","+"
"368","W10004_0601/PHZ51","+","+","-","+-","-","+-","+-","+-","-","+-"
"369","W10004_0602/PHK76","+-","+","+-","-","+-","+","+-","-","+-","+"
"370","W10004_0602/PHZ51","+-","+","-","+-","+-","+","+-","-","-","+-"
"371","W10004_0608/PHK76","+-","+","+-","-","+-","+","+-","-","+-","+"
"372","W10004_0608/PHZ51","+-","+","-","+-","+-","+","+-","-","-","+-"
"373","W10004_0609/PHZ51","+","+","+-","+-","-","+","+","+-","-","+-"
"374","W10004_0612/PHK76","+-","+","+-","-","+-","+","+-","-","+-","+"
"375","W10004_0612/PHZ51","+-","+","-","+-","+-","+","+-","-","-","+-"
"376","W10004_0614/PHK76","+","+","+","-","-","+","+","+-","+-","+"
"377","W10004_0614/PHZ51","+","+","+-","+-","-","+","+","+-","-","+-"
"378","W10004_0616/PHK76","+","+","+-","-","-","+-","+-","+-","+-","+"
"379","W10004_0616/PHZ51","+","+","-","+-","-","+-","+-","+-","-","+-"
"380","W10004_0618/PHK76","+","+","+-","-","-","+-","+-","+-","+-","+"
"381","W10004_0618/PHZ51","+","+","-","+-","-","+-","+-","+-","-","+-"
"382","W10004_0619/PHK76","+","+-","+-","-","-","+-","+-","+-","+-","+"
"383","W10004_0619/PHZ51","+","+-","-","+-","-","+-","+-","+-","-","+-"
"384","W10004_0620/PHK76","+","+","+","-","-","+","+","+-","+-","+"
"385","W10004_0620/PHZ51","+","+","+-","+-","-","+","+","+-","-","+-"
"386","W10004_0622/PHK76","+","+","+","-","-","+","+","+-","+-","+"
"387","W10004_0622/PHZ51","+","+","+-","+-","-","+","+","+-","-","+-"
"388","W10004_0624/PHK76","+","+","+","-","-","+","+","-","+-","+"
"389","W10004_0624/PHZ51","+","+","+-","+-","-","+","+","-","-","+-"
"390","W10004_0625/PHK76","+","+","+","-","-","+","+","+-","+-","+"
"391","W10004_0625/PHZ51","+","+","+-","+-","-","+","+","+-","-","+-"
"392","W10004_0626/PHK76","+","+","+-","-","-","+-","+-","+-","+-","+"
"393","W10004_0626/PHZ51","+","+","-","+-","-","+-","+-","+-","-","+-"
"394","W10004_0628/PHK76","+","+","+","-","-","+","+","+-","+-","+"
"395","W10004_0628/PHZ51","+","+","+-","+-","-","+","+","+-","-","+-"
"396","W10004_0631/PHK76","+","+","+","-","-","+","+","+-","+-","+"
"397","W10004_0631/PHZ51","+","+","+-","+-","-","+","+","+-","-","+-"
"398","W10004_0632/PHK76","+","+","+","-","-","+","+","-","+-","+"
"399","W10004_0632/PHZ51","+","+","+-","+-","-","+","+","-","-","+-"
"400","W10004_0636/PHZ51","+","+","+-","+-","-","+","+","-","-","+-"
"401","W10004_0637/PHK76","+-","+","+-","-","+-","+","+-","-","+-","+"
"402","W10004_0637/PHZ51","+-","+","-","+-","+-","+","+-","-","-","+-"
"403","W10004_0639/PHK76","+","+","+","-","-","+","+","+-","+-","+"
"404","W10004_0639/PHZ51","+","+","+-","+-","-","+","+","+-","-","+-"
"405","W10004_0644/PHK76","+","+","+","-","-","+","+","+-","+-","+"
"406","W10004_0644/PHZ51","+","+","+-","+-","-","+","+","+-","-","+-"
"407","W10004_0645/PHZ51","+","+","+-","+-","-","+","+","+-","-","+-"
"408","W10004_0646/PHK76","+","+","+-","-","-","+","+-","-","+-","+"
"409","W10004_0646/PHZ51","+","+","-","+-","-","+","+-","-","-","+-"
"410","W10004_0649/PHK76","+","+","+","-","-","+","+","+-","+-","+"
"411","W10004_0649/PHZ51","+","+","+-","+-","-","+","+","+-","-","+-"
"412","W10004_0650/PHZ51","+","+","+-","+-","-","+","+","+-","-","+-"
"413","W10004_0651/PHK76","+","+","+-","-","-","+-","+-","+-","+-","+"
"414","W10004_0651/PHZ51","+","+","-","+-","-","+-","+-","+-","-","+-"
"415","W10004_0654/PHK76","+","+","+","-","-","+","+","+-","+-","+"
"416","W10004_0654/PHZ51","+","+","+-","+-","-","+","+","+-","-","+-"
"417","W10004_0658/PHK76","+","+","+-","-","-","+-","+-","+-","+-","+"
"418","W10004_0658/PHZ51","+","+","-","+-","-","+-","+-","+-","-","+-"
"419","W10004_0659/PHK76","+-","+","+-","-","+-","+","+-","-","+-","+"
"420","W10004_0659/PHZ51","+-","+","-","+-","+-","+","+-","-","-","+-"
"421","W10004_0661/PHK76","+","+","+","-","-","+","+","-","+-","+"
"422","W10004_0661/PHZ51","+","+","+-","+-","-","+","+","-","-","+-"
"423","W10004_0664/PHK76","+","+","+","-","-","+","+","+-","+-","+"
"424","W10004_0664/PHZ51","+","+","+-","+-","-","+","+","+-","-","+-"
"425","W10004_0665/PHZ51","+","+","+-","+-","-","+","+","+-","-","+-"
"426","W10004_0667/PHK76","+","+","+","-","-","+","+","+-","+-","+"
"427","W10004_0667/PHZ51","+","+","+-","+-","-","+","+","+-","-","+-"
"428","W10004_0669/PHK76","+","+","+-","-","-","+-","+-","+-","+-","+"
"429","W10004_0669/PHZ51","+","+","-","+-","-","+-","+-","+-","-","+-"
"430","W10004_0672/PHK76","+","+","+","-","-","+","+","-","+-","+"
"431","W10004_0672/PHZ51","+","+","+-","+-","-","+","+","-","-","+-"
"432","W10004_0673/PHK76","+","+","+","-","-","+","+","+-","+-","+"
"433","W10004_0673/PHZ51","+","+","+-","+-","-","+","+","+-","-","+-"
"434","W10004_0674/PHZ51","+","+","-","+-","-","+-","+-","+-","-","+-"
"435","W10004_0675/PHK76","+-","+","+-","-","+-","+","+-","-","+-","+"
"436","W10004_0675/PHZ51","+-","+","-","+-","+-","+","+-","-","-","+-"
"437","W10004_0678/PHK76","+","+","+","-","-","+","+","+-","+-","+"
"438","W10004_0678/PHZ51","+","+","+-","+-","-","+","+","+-","-","+-"
"439","W10004_0680/PHK76","+","+","+","-","-","+","+","-","+-","+"
"440","W10004_0680/PHZ51","+","+","+-","+-","-","+","+","-","-","+-"
"441","W10004_0682/PHK76","+","+","+","-","-","+","+","-","+-","+"
"442","W10004_0682/PHZ51","+","+","+-","+-","-","+","+","-","-","+-"
"443","W10004_0684/PHK76","+","+","+","-","-","+","+","-","+-","+"
"444","W10004_0684/PHZ51","+","+","+-","+-","-","+","+","-","-","+-"
"445","W10004_0685/PHK76","+","+","+-","-","-","+-","+-","+-","+-","+"
"446","W10004_0685/PHZ51","+","+","-","+-","-","+-","+-","+-","-","+-"
"447","W10004_0687/PHK76","+","+","+","-","-","+","+","+-","+-","+"
"448","W10004_0687/PHZ51","+","+","+-","+-","-","+","+","+-","-","+-"
"449","W10004_0688/PHK76","+","+","+-","-","-","+-","+-","+-","+-","+"
"450","W10004_0688/PHZ51","+","+","-","+-","-","+-","+-","+-","-","+-"
"451","W10004_0689/PHK76","+","+","+","-","-","+","+","+-","+-","+"
"452","W10004_0689/PHZ51","+","+","+-","+-","-","+","+","+-","-","+-"
"453","W10004_0691/PHK76","+","+","+","-","-","+","+","-","+-","+"
"454","W10004_0691/PHZ51","+","+","+-","+-","-","+","+","-","-","+-"
"455","W10004_0695/PHK76","+","+","+","-","-","+","+","+-","+-","+"
"456","W10004_0695/PHZ51","+","+","+-","+-","-","+","+","+-","-","+-"
"457","W10004_0696/PHK76","+","+-","+-","-","-","+-","+-","+-","+-","+"
"458","W10004_0696/PHZ51","+","+-","-","+-","-","+-","+-","+-","-","+-"
"459","W10004_0697/PHK76","+-","+","+-","-","+-","+","+-","-","+-","+"
"460","W10004_0697/PHZ51","+-","+","-","+-","+-","+","+-","-","-","+-"
"461","W10004_0701/PHK76","+","+","+","-","-","+","+","+-","+-","+"
"462","W10004_0701/PHZ51","+","+","+-","+-","-","+","+","+-","-","+-"
"463","W10004_0702/PHK76","+-","+","+-","-","+-","+","+-","-","+-","+"
"464","W10004_0702/PHZ51","+-","+","-","+-","+-","+","+-","-","-","+-"
"465","W10004_0703/PHK76","+","+","+-","-","-","+-","+-","+-","+-","+"
"466","W10004_0703/PHZ51","+","+","-","+-","-","+-","+-","+-","-","+-"
"467","W10004_0704/PHZ51","+","+","+-","+-","-","+","+","+-","-","+-"
"468","W10004_0705/PHK76","+","+","+","-","-","+","+","-","+-","+"
"469","W10004_0705/PHZ51","+","+","+-","+-","-","+","+","-","-","+-"
"470","W10004_0707/PHK76","+-","+","+-","-","+-","+","+-","-","+-","+"
"471","W10004_0707/PHZ51","+-","+","-","+-","+-","+","+-","-","-","+-"
"472","W10004_0711/PHK76","+","+","+","-","-","+","+","+-","+-","+"
"473","W10004_0711/PHZ51","+","+","+-","+-","-","+","+","+-","-","+-"
"474","W10004_0712/PHK76","+","+","+-","-","-","+-","+-","+-","+-","+"
"475","W10004_0712/PHZ51","+","+","-","+-","-","+-","+-","+-","-","+-"
"476","W10004_0713/PHK76","+-","+","+-","-","+-","+","+-","-","+-","+"
"477","W10004_0713/PHZ51","+-","+","-","+-","+-","+","+-","-","-","+-"
"478","W10004_0714/PHK76","+","+","+-","-","-","+-","+-","+-","+-","+"
"479","W10004_0714/PHZ51","+","+","-","+-","-","+-","+-","+-","-","+-"
"480","W10004_0715/PHK76","+","+","+","-","-","+","+","+-","+-","+"
"481","W10004_0715/PHZ51","+","+","+-","+-","-","+","+","+-","-","+-"
"482","W10004_0717/PHK76","+","+","+-","-","-","+-","+-","+-","+-","+"
"483","W10004_0717/PHZ51","+","+","-","+-","-","+-","+-","+-","-","+-"
"484","W10004_0723/PHK76","+","+","+","-","-","+","+","+-","+-","+"
"485","W10004_0723/PHZ51","+","+","+-","+-","-","+","+","+-","-","+-"
"486","W10004_0727/PHK76","+","+","+-","-","-","+-","+-","+-","+-","+"
"487","W10004_0727/PHZ51","+","+","-","+-","-","+-","+-","+-","-","+-"
"488","W10004_0729/PHK76","+","+","+","-","-","+","+","+-","+-","+"
"489","W10004_0729/PHZ51","+","+","+-","+-","-","+","+","+-","-","+-"
"490","W10004_0732/PHK76","+","+","+","-","-","+","+","+-","+-","+"
"491","W10004_0732/PHZ51","+","+","+-","+-","-","+","+","+-","-","+-"
"492","W10004_0733/PHK76","+","+","+","-","-","+","+","+-","+-","+"
"493","W10004_0733/PHZ51","+","+","+-","+-","-","+","+","+-","-","+-"
"494","W10004_0734/PHK76","+","+","+","-","-","+","+","-","+-","+"
"495","W10004_0734/PHZ51","+","+","+-","+-","-","+","+","-","-","+-"
"496","W10004_0736/PHK76","+","+","+","-","-","+","+","+-","+-","+"
"497","W10004_0736/PHZ51","+","+","+-","+-","-","+","+","+-","-","+-"
"498","W10004_0741/PHK76","+-","+","+-","-","+-","+","+-","-","+-","+"
"499","W10004_0741/PHZ51","+-","+","-","+-","+-","+","+-","-","-","+-"
"500","W10004_0745/PHK76","+","+","+","-","-","+","+","+-","+-","+"
"501","W10004_0745/PHZ51","+","+","+-","+-","-","+","+","+-","-","+-"
"502","W10004_0746/PHK76","+","+","+","-","-","+","+","+-","+-","+"
"503","W10004_0746/PHZ51","+","+","+-","+-","-","+","+","+-","-","+-"
"504","W10004_0747/PHK76","+","+","+","-","-","+","+","+-","+-","+"
"505","W10004_0747/PHZ51","+","+","+-","+-","-","+","+","+-","-","+-"
"506","W10004_0751/PHK76","+","+","+-","-","-","+-","+-","+-","+-","+"
"507","W10004_0751/PHZ51","+","+","-","+-","-","+-","+-","+-","-","+-"
"508","W10004_0754/PHK76","+","+-","+-","-","-","+-","+-","+-","+-","+"
"509","W10004_0754/PHZ51","+","+-","-","+-","-","+-","+-","+-","-","+-"
"510","W10004_0756/PHK76","+","+","+","-","-","+","+","+-","+-","+"
"511","W10004_0756/PHZ51","+","+","+-","+-","-","+","+","+-","-","+-"
"512","W10004_0757/PHK76","+","+","+","-","-","+","+","-","+-","+"
"513","W10004_0757/PHZ51","+","+","+-","+-","-","+","+","-","-","+-"
"514","W10004_0760/PHK76","+","+","+-","-","-","+-","+-","+-","+-","+"
"515","W10004_0760/PHZ51","+","+","-","+-","-","+-","+-","+-","-","+-"
"516","W10004_0768/PHK76","+","+","+","-","-","+","+","+-","+-","+"
"517","W10004_0768/PHZ51","+","+","+-","+-","-","+","+","+-","-","+-"
"518","W10004_0771/PHK76","+","+-","+-","-","-","+-","+-","+-","+-","+"
"519","W10004_0771/PHZ51","+","+-","-","+-","-","+-","+-","+-","-","+-"
"520","W10004_0773/PHK76","+-","+","+-","-","+-","+","+-","-","+-","+"
"521","W10004_0773/PHZ51","+-","+","-","+-","+-","+","+-","-","-","+-"
"522","W10004_0774/PHK76","+","+","+","-","-","+","+","-","+-","+"
"523","W10004_0774/PHZ51","+","+","+-","+-","-","+","+","-","-","+-"
"524","W10004_0775/PHK76","+","+","+","-","-","+","+","-","+-","+"
"525","W10004_0775/PHZ51","+","+","+-","+-","-","+","+","-","-","+-"
"526","W10004_0776/PHZ51","+","+","+-","+-","-","+","+","+-","-","+-"
"527","W10004_0779/PHK76","+","+","+","-","-","+","+","+-","+-","+"
"528","W10004_0779/PHZ51","+","+","+-","+-","-","+","+","+-","-","+-"
"529","W10004_0781/PHK76","+","+","+","-","-","+","+","+-","+-","+"
"530","W10004_0781/PHZ51","+","+","+-","+-","-","+","+","+-","-","+-"
"531","W10004_0782/PHK76","+","+","+","-","-","+","+","-","+-","+"
"532","W10004_0782/PHZ51","+","+","+-","+-","-","+","+","-","-","+-"
"533","W10004_0783/PHK76","+-","+","+-","-","+-","+","+-","-","+-","+"
"534","W10004_0783/PHZ51","+-","+","-","+-","+-","+","+-","-","-","+-"
"535","W10004_0784/PHZ51","+-","+","-","+-","+-","+","+-","-","-","+-"
"536","W10004_0787/PHK76","+","+","+","-","-","+","+","+-","+-","+"
"537","W10004_0787/PHZ51","+","+","+-","+-","-","+","+","+-","-","+-"
"538","W10004_0789/PHK76","+","+","+","-","-","+","+","-","+-","+"
"539","W10004_0789/PHZ51","+","+","+-","+-","-","+","+","-","-","+-"
"540","W10004_0792/PHK76","+-","+","+-","-","+-","+","+-","-","+-","+"
"541","W10004_0792/PHZ51","+-","+","-","+-","+-","+","+-","-","-","+-"
"542","W10004_0794/PHK76","+","+","+","-","-","+","+","+-","+-","+"
"543","W10004_0794/PHZ51","+","+","+-","+-","-","+","+","+-","-","+-"
"544","W10004_0795/PHK76","+","+","+","-","-","+","+","-","+-","+"
"545","W10004_0795/PHZ51","+","+","+-","+-","-","+","+","-","-","+-"
"546","W10004_0798/PHK76","+","+","+","-","-","+","+","+-","+-","+"
"547","W10004_0798/PHZ51","+","+","+-","+-","-","+","+","+-","-","+-"
"548","W10004_0799/PHK76","+","+","+","-","-","+","+","+-","+-","+"
"549","W10004_0799/PHZ51","+","+","+-","+-","-","+","+","+-","-","+-"
"550","W10004_0800/PHK76","+-","+","+-","-","+-","+","+-","-","+-","+"
"551","W10004_0800/PHZ51","+-","+","-","+-","+-","+","+-","-","-","+-"
"552","W10004_0801/PHK76","+","+","+","-","-","+","+","+-","+-","+"
"553","W10004_0801/PHZ51","+","+","+-","+-","-","+","+","+-","-","+-"
"554","W10004_0802/PHK76","+","+","+","-","-","+","+","+-","+-","+"
"555","W10004_0802/PHZ51","+","+","+-","+-","-","+","+","+-","-","+-"
"556","W10004_0803/PHK76","+","+","+","-","-","+","+","+-","+-","+"
"557","W10004_0803/PHZ51","+","+","+-","+-","-","+","+","+-","-","+-"
"558","W10004_0806/PHK76","+","+","+-","-","-","+-","+-","+-","+-","+"
"559","W10004_0806/PHZ51","+","+","-","+-","-","+-","+-","+-","-","+-"
"560","W10004_0807/PHK76","+","+","+-","-","-","+-","+-","+-","+-","+"
"561","W10004_0807/PHZ51","+","+","-","+-","-","+-","+-","+-","-","+-"
"562","W10004_0812/PHK76","+","+-","+-","-","-","+-","+-","+-","+-","+"
"563","W10004_0812/PHZ51","+","+-","-","+-","-","+-","+-","+-","-","+-"
"564","W10004_0814/PHK76","+","+","+","-","-","+","+","+-","+-","+"
"565","W10004_0814/PHZ51","+","+","+-","+-","-","+","+","+-","-","+-"
"566","W10004_0815/PHK76","+","+","+","-","-","+","+","+-","+-","+"
"567","W10004_0815/PHZ51","+","+","+-","+-","-","+","+","+-","-","+-"
"568","W10004_0818/PHK76","+","+","+","-","-","+","+","-","+-","+"
"569","W10004_0818/PHZ51","+","+","+-","+-","-","+","+","-","-","+-"
"570","W10004_0819/PHK76","+-","+","+-","-","+-","+","+-","-","+-","+"
"571","W10004_0819/PHZ51","+-","+","-","+-","+-","+","+-","-","-","+-"
"572","W10004_0820/PHK76","+-","+","+-","-","+-","+","+-","-","+-","+"
"573","W10004_0820/PHZ51","+-","+","-","+-","+-","+","+-","-","-","+-"
"574","W10004_0822/PHK76","+","+","+","-","-","+","+","+-","+-","+"
"575","W10004_0822/PHZ51","+","+","+-","+-","-","+","+","+-","-","+-"
"576","W10004_0823/PHK76","+","+","+","-","-","+","+","-","+-","+"
"577","W10004_0823/PHZ51","+","+","+-","+-","-","+","+","-","-","+-"
"578","W10004_0826/PHK76","+","+","+","-","-","+","+","-","+-","+"
"579","W10004_0826/PHZ51","+","+","+-","+-","-","+","+","-","-","+-"
"580","W10004_0827/PHK76","+","+","+","-","-","+","+","+-","+-","+"
"581","W10004_0827/PHZ51","+","+","+-","+-","-","+","+","+-","-","+-"
"582","W10004_0828/PHK76","+","+","+","-","-","+","+","+-","+-","+"
"583","W10004_0828/PHZ51","+","+","+-","+-","-","+","+","+-","-","+-"
"584","W10004_0830/PHK76","+","+","+","-","-","+","+","+-","+-","+"
"585","W10004_0830/PHZ51","+","+","+-","+-","-","+","+","+-","-","+-"
"586","W10004_0832/PHK76","+-","+","+-","-","+-","+","+-","-","+-","+"
"587","W10004_0832/PHZ51","+-","+","-","+-","+-","+","+-","-","-","+-"
"588","W10004_0833/PHK76","+","+","+","-","-","+","+","+-","+-","+"
"589","W10004_0833/PHZ51","+","+","+-","+-","-","+","+","+-","-","+-"
"590","W10004_0834/PHK76","+","+","+","-","-","+","+","+-","+-","+"
"591","W10004_0834/PHZ51","+","+","+-","+-","-","+","+","+-","-","+-"
"592","W10004_0836/PHK76","+","+","+-","-","-","+-","+-","+-","+-","+"
"593","W10004_0836/PHZ51","+","+","-","+-","-","+-","+-","+-","-","+-"
"594","W10004_0837/PHK76","+-","+","+-","-","+-","+","+-","-","+-","+"
"595","W10004_0837/PHZ51","+-","+","-","+-","+-","+","+-","-","-","+-"
"596","W10004_0840/PHK76","+","+","+","-","-","+","+","-","+-","+"
"597","W10004_0840/PHZ51","+","+","+-","+-","-","+","+","-","-","+-"
"598","W10004_0842/PHK76","+-","+","+-","-","+-","+","+-","-","+-","+"
"599","W10004_0842/PHZ51","+-","+","-","+-","+-","+","+-","-","-","+-"
"600","W10004_0843/PHK76","+","+","+","-","-","+","+","-","+-","+"
"601","W10004_0843/PHZ51","+","+","+-","+-","-","+","+","-","-","+-"
"602","W10004_0844/PHK76","+","+","+","-","-","+","+","-","+-","+"
"603","W10004_0844/PHZ51","+","+","+-","+-","-","+","+","-","-","+-"
"604","W10004_0847/PHK76","+","+","+","-","-","+","+","-","+-","+"
"605","W10004_0847/PHZ51","+","+","+-","+-","-","+","+","-","-","+-"
"606","W10004_0848/PHK76","+","+","+","-","-","+","+","-","+-","+"
"607","W10004_0848/PHZ51","+","+","+-","+-","-","+","+","-","-","+-"
"608","W10004_0851/PHZ51","+","+","+-","+-","-","+","+","-","-","+-"
"609","W10004_0852/PHZ51","+","+","-","+-","-","+-","+-","+-","-","+-"
"610","W10004_0856/PHK76","+","+","+-","-","-","+-","+-","+-","+-","+"
"611","W10004_0856/PHZ51","+","+","-","+-","-","+-","+-","+-","-","+-"
"612","W10004_0858/PHZ51","+","+","+-","+-","-","+","+","+-","-","+-"
"613","W10004_0859/PHK76","+-","+","+-","-","+-","+","+-","-","+-","+"
"614","W10004_0859/PHZ51","+-","+","-","+-","+-","+","+-","-","-","+-"
"615","W10004_0866/PHK76","+","+","+","-","-","+","+","+-","+-","+"
"616","W10004_0866/PHZ51","+","+","+-","+-","-","+","+","+-","-","+-"
"617","W10004_0868/PHK76","+","+","+","-","-","+","+","-","+-","+"
"618","W10004_0868/PHZ51","+","+","+-","+-","-","+","+","-","-","+-"
"619","W10004_0869/PHK76","+-","+","+-","-","+-","+","+-","-","+-","+"
"620","W10004_0869/PHZ51","+-","+","-","+-","+-","+","+-","-","-","+-"
"621","W10004_0876/PHK76","+","+","+","-","-","+","+","+-","+-","+"
"622","W10004_0876/PHZ51","+","+","+-","+-","-","+","+","+-","-","+-"
"623","W10004_0877/PHK76","+","+","+","-","-","+","+","+-","+-","+"
"624","W10004_0877/PHZ51","+","+","+-","+-","-","+","+","+-","-","+-"
"625","W10004_0879/PHK76","+","+","+","-","-","+","+","-","+-","+"
"626","W10004_0879/PHZ51","+","+","+-","+-","-","+","+","-","-","+-"
"627","W10004_0884/PHK76","+","+","+","-","-","+","+","-","+-","+"
"628","W10004_0884/PHZ51","+","+","+-","+-","-","+","+","-","-","+-"
"629","W10004_0885/PHK76","+","+","+-","-","-","+-","+-","+-","+-","+"
"630","W10004_0885/PHZ51","+","+","-","+-","-","+-","+-","+-","-","+-"
"631","W10004_0886/PHK76","+","+","+","-","-","+","+","-","+-","+"
"632","W10004_0886/PHZ51","+","+","+-","+-","-","+","+","-","-","+-"
"633","W10004_0888/PHK76","+","+","+","-","-","+","+","+-","+-","+"
"634","W10004_0888/PHZ51","+","+","+-","+-","-","+","+","+-","-","+-"
"635","W10004_0889/PHK76","+","+","+","-","-","+","+","+-","+-","+"
"636","W10004_0889/PHZ51","+","+","+-","+-","-","+","+","+-","-","+-"
"637","W10004_0891/PHK76","+","+","+","-","-","+","+","+-","+-","+"
"638","W10004_0891/PHZ51","+","+","+-","+-","-","+","+","+-","-","+-"
"639","W10004_0892/PHK76","+","+","+","-","-","+","+","-","+-","+"
"640","W10004_0892/PHZ51","+","+","+-","+-","-","+","+","-","-","+-"
"641","W10004_0894/PHK76","+","+","+","-","-","+","+","-","+-","+"
"642","W10004_0894/PHZ51","+","+","+-","+-","-","+","+","-","-","+-"
"643","W10004_0896/PHK76","+","+","+","-","-","+","+","+-","+-","+"
"644","W10004_0896/PHZ51","+","+","+-","+-","-","+","+","+-","-","+-"
"645","W10004_0900/PHK76","+-","+","+-","-","+-","+","+-","-","+-","+"
"646","W10004_0900/PHZ51","+-","+","-","+-","+-","+","+-","-","-","+-"
"647","W10004_0901/PHK76","+","+","+","-","-","+","+","-","+-","+"
"648","W10004_0901/PHZ51","+","+","+-","+-","-","+","+","-","-","+-"
"649","W10004_0907/PHK76","+","+","+","-","-","+","+","+-","+-","+"
"650","W10004_0907/PHZ51","+","+","+-","+-","-","+","+","+-","-","+-"
"651","W10004_0913/PHK76","+","+","+","-","-","+","+","-","+-","+"
"652","W10004_0913/PHZ51","+","+","+-","+-","-","+","+","-","-","+-"
"653","W10004_0914/PHK76","+-","+","+-","-","+-","+","+-","-","+-","+"
"654","W10004_0914/PHZ51","+-","+","-","+-","+-","+","+-","-","-","+-"
"655","W10004_0916/PHK76","+","+","+","-","-","+","+","+-","+-","+"
"656","W10004_0916/PHZ51","+","+","+-","+-","-","+","+","+-","-","+-"
"657","W10004_0918/PHK76","+","+-","+-","-","-","+-","+-","+-","+-","+"
"658","W10004_0918/PHZ51","+","+-","-","+-","-","+-","+-","+-","-","+-"
"659","W10004_0920/PHK76","+","+","+","-","-","+","+","-","+-","+"
"660","W10004_0920/PHZ51","+","+","+-","+-","-","+","+","-","-","+-"
"661","W10004_0922/PHZ51","+","+","+-","+-","-","+","+","+-","-","+-"
"662","W10004_0928/PHK76","+","+","+","-","-","+","+","-","+-","+"
"663","W10004_0928/PHZ51","+","+","+-","+-","-","+","+","-","-","+-"
"664","W10004_0930/PHK76","+-","+","+-","-","+-","+","+-","-","+-","+"
"665","W10004_0930/PHZ51","+-","+","-","+-","+-","+","+-","-","-","+-"
"666","W10004_0932/PHK76","+","+","+-","-","-","+-","+-","+-","+-","+"
"667","W10004_0932/PHZ51","+","+","-","+-","-","+-","+-","+-","-","+-"
"668","W10004_0935/PHK76","+","+","+-","-","-","+-","+-","+-","+-","+"
"669","W10004_0935/PHZ51","+","+","-","+-","-","+-","+-","+-","-","+-"
"670","W10004_0938/PHK76","+-","+","+-","-","+-","+","+-","-","+-","+"
"671","W10004_0938/PHZ51","+-","+","-","+-","+-","+","+-","-","-","+-"
"672","W10004_0940/PHK76","+","+","+","-","-","+","+","+-","+-","+"
"673","W10004_0940/PHZ51","+","+","+-","+-","-","+","+","+-","-","+-"
"674","W10004_0943/PHK76","+","+","+","-","-","+","+","+-","+-","+"
"675","W10004_0943/PHZ51","+","+","+-","+-","-","+","+","+-","-","+-"
"676","W10004_0949/PHK76","+-","+","+-","-","+-","+","+-","-","+-","+"
"677","W10004_0949/PHZ51","+-","+","-","+-","+-","+","+-","-","-","+-"
"678","W10004_0950/PHK76","+-","+","+-","-","+-","+","+-","-","+-","+"
"679","W10004_0950/PHZ51","+-","+","-","+-","+-","+","+-","-","-","+-"
"680","W10004_0951/PHK76","+","+","+-","-","-","+-","+-","+-","+-","+"
"681","W10004_0951/PHZ51","+","+","-","+-","-","+-","+-","+-","-","+-"
"682","W10004_0953/PHK76","+","+","+","-","-","+","+","+-","+-","+"
"683","W10004_0953/PHZ51","+","+","+-","+-","-","+","+","+-","-","+-"
"684","W10004_0955/PHK76","+","+","+","-","-","+","+","+-","+-","+"
"685","W10004_0955/PHZ51","+","+","+-","+-","-","+","+","+-","-","+-"
"686","W10004_0956/PHK76","+","+","+-","-","-","+-","+-","+-","+-","+"
"687","W10004_0956/PHZ51","+","+","-","+-","-","+-","+-","+-","-","+-"
"688","W10004_0963/PHK76","+-","+","+-","-","+-","+","+-","-","+-","+"
"689","W10004_0963/PHZ51","+-","+","-","+-","+-","+","+-","-","-","+-"
"690","W10004_0964/PHZ51","+","+","+-","+-","-","+","+","-","-","+-"
"691","W10004_0965/PHK76","+","+","+","-","-","+","+","+-","+-","+"
"692","W10004_0965/PHZ51","+","+","+-","+-","-","+","+","+-","-","+-"
"693","W10004_0966/PHK76","+","+","+-","-","-","+","+","-","+-","+"
"694","W10004_0966/PHZ51","+","+","-","+-","-","+","+","-","-","+-"
"695","W10004_0969/PHK76","+","+","+","-","-","+","+","+-","+-","+"
"696","W10004_0969/PHZ51","+","+","+-","+-","-","+","+","+-","-","+-"
"697","W10004_0970/PHK76","+","+","+-","-","-","+","+-","-","+-","+"
"698","W10004_0970/PHZ51","+","+","-","+-","-","+","+-","-","-","+-"
"699","W10004_0971/PHK76","+","+","+","-","-","+","+","+-","+-","+"
"700","W10004_0971/PHZ51","+","+","+-","+-","-","+","+","+-","-","+-"
"701","W10004_0974/PHK76","+-","+","+-","-","+-","+","+","+-","+-","+"
"702","W10004_0974/PHZ51","+-","+","-","+-","+-","+","+","+-","-","+-"
"703","W10004_0975/PHK76","+","+","+-","-","-","+-","+-","+-","+-","+"
"704","W10004_0975/PHZ51","+","+","-","+-","-","+-","+-","+-","-","+-"
"705","W10004_0981/PHK76","+-","+","+","-","-","+","+","-","+-","+"
"706","W10004_0981/PHZ51","+-","+","+-","+-","-","+","+","-","-","+-"
"707","W10004_0982/PHK76","+-","+","+-","-","+-","+","+-","-","+-","+"
"708","W10004_0982/PHZ51","+-","+","-","+-","+-","+","+-","-","-","+-"
"709","W10004_0984/PHK76","+-","+","+-","-","+-","+","+-","-","+-","+"
"710","W10004_0984/PHZ51","+-","+","-","+-","+-","+","+-","-","-","+-"
"711","W10004_0988/PHK76","+","+","+-","-","-","+-","+-","+-","+-","+"
"712","W10004_0988/PHZ51","+","+","-","+-","-","+-","+-","+-","-","+-"
"713","W10004_0991/PHK76","+","+","+","-","-","+","+","+-","+-","+"
"714","W10004_0991/PHZ51","+","+","+-","+-","-","+","+","+-","-","+-"
"715","W10004_0996/PHK76","+","+","+-","-","-","+-","+-","+-","+-","+"
"716","W10004_0996/PHZ51","+","+","-","+-","-","+-","+-","+-","-","+-"
"717","W10004_0997/PHK76","+","+","+","-","-","+","+","+-","+-","+"
"718","W10004_0997/PHZ51","+","+","+-","+-","-","+","+","+-","-","+-"
"719","W10004_1000/PHK76","+","+","+","-","-","+","+","+-","+-","+"
"720","W10004_1000/PHZ51","+","+","+-","+-","-","+","+","+-","-","+-"
"721","W10004_1001/PHZ51","+-","+","-","+-","+-","+","+-","-","-","+-"
"722","W10004_1002/PHK76","+","+-","+-","-","-","+-","+-","+-","+-","+"
"723","W10004_1002/PHZ51","+","+-","-","+-","-","+-","+-","+-","-","+-"
"724","W10004_1004/PHK76","+","+","+","-","-","+","+","+-","+-","+"
"725","W10004_1004/PHZ51","+","+","+-","+-","-","+","+","+-","-","+-"
"726","W10004_1007/PHK76","+-","+","+-","-","+-","+","+-","-","+-","+"
"727","W10004_1007/PHZ51","+-","+","-","+-","+-","+","+-","-","-","+-"
"728","W10004_1011/PHK76","+","+","+","-","-","+","+","+-","+-","+"
"729","W10004_1011/PHZ51","+","+","+-","+-","-","+","+","+-","-","+-"
"730","W10004_1014/PHK76","+","+","+","-","-","+","+","+-","+-","+"
"731","W10004_1014/PHZ51","+","+","+-","+-","-","+","+","+-","-","+-"
"732","W10004_1015/PHK76","+","+","+-","-","-","+-","+-","+-","+-","+"
"733","W10004_1015/PHZ51","+","+","-","+-","-","+-","+-","+-","-","+-"
"734","W10004_1018/PHK76","+","+","+","-","-","+","+","+-","+-","+"
"735","W10004_1018/PHZ51","+","+","+-","+-","-","+","+","+-","-","+-"
"736","W10004_1020/PHK76","+","+","+","-","-","+","+","+-","+-","+"
"737","W10004_1020/PHZ51","+","+","+-","+-","-","+","+","+-","-","+-"
"738","W10004_1032/PHK76","+","+","+","-","-","+","+","-","+-","+"
"739","W10004_1032/PHZ51","+","+","+-","+-","-","+","+","-","-","+-"
"740","W10004_1037/PHK76","+","+","+","-","-","+","+","-","+-","+"
"741","W10004_1037/PHZ51","+","+","+-","+-","-","+","+","-","-","+-"
"742","W10004_1045/PHK76","+","+","+","-","-","+","+","-","+-","+"
"743","W10004_1045/PHZ51","+","+","+-","+-","-","+","+","-","-","+-"
"744","W10004_1052/PHK76","+","+","+","-","-","+","+","-","+-","+"
"745","W10004_1052/PHZ51","+","+","+-","+-","-","+","+","-","-","+-"
"746","W10004_1057/PHK76","+","+","+","-","-","+","+","-","+-","+"
"747","W10004_1057/PHZ51","+","+","+-","+-","-","+","+","-","-","+-"
"748","W10004_1063/PHK76","+","+","+","-","-","+","+","+-","+-","+"
"749","W10004_1063/PHZ51","+","+","+-","+-","-","+","+","+-","-","+-"
"750","W10004_1064/PHK76","+","+","+","-","-","+","+","+-","+-","+"
"751","W10004_1064/PHZ51","+","+","+-","+-","-","+","+","+-","-","+-"
"752","W10004_1072/PHK76","+","+","+-","-","-","+-","+-","+-","+-","+"
"753","W10004_1072/PHZ51","+","+","-","+-","-","+-","+-","+-","-","+-"
"754","W10004_1080/PHK76","+-","+","+-","-","+-","+","+-","-","+-","+"
"755","W10004_1080/PHZ51","+-","+","-","+-","+-","+","+-","-","-","+-"
"756","W10004_1081/PHK76","+","+","+","-","-","+","+","-","+-","+"
"757","W10004_1081/PHZ51","+","+","+-","+-","-","+","+","-","-","+-"
"758","W10004_1084/PHK76","+","+","+","-","-","+","+","+-","+-","+"
"759","W10004_1084/PHZ51","+","+","+-","+-","-","+","+","+-","-","+-"
"760","W10004_1099/PHK76","+-","+","+-","-","+-","+","+-","-","+-","+"
"761","W10004_1099/PHZ51","+-","+","-","+-","+-","+","+-","-","-","+-"
"762","W10004_1104/PHK76","+","+","+","-","-","+","+","+-","+-","+"
"763","W10004_1104/PHZ51","+","+","+-","+-","-","+","+","+-","-","+-"
"764","W10004_1105/PHK76","+","+","+","-","-","+","+","-","+-","+"
"765","W10004_1105/PHZ51","+","+","+-","+-","-","+","+","-","-","+-"
"766","W10004_1112/PHK76","+-","+","+-","-","+-","+","+-","-","+-","+"
"767","W10004_1112/PHZ51","+-","+","-","+-","+-","+","+-","-","-","+-"
"768","W10004_1117/PHK76","+","+","+-","-","-","+","+","-","+-","+"
"769","W10004_1117/PHZ51","+","+","-","+-","-","+","+","-","-","+-"
"770","W10004_1118/PHK76","+","+","+-","-","-","+","+","-","+-","+"
"771","W10004_1118/PHZ51","+","+","-","+-","-","+","+","-","-","+-"
"772","W10004_1123/PHK76","+","+","+","-","-","+","+","-","+-","+"
"773","W10004_1123/PHZ51","+","+","+-","+-","-","+","+","-","-","+-"
"774","W10004_1140/PHK76","+","+","+","-","-","+","+","-","+-","+"
"775","W10004_1140/PHZ51","+","+","+-","+-","-","+","+","-","-","+-"
"776","W10004_1143/PHK76","+","+","+","-","-","+","+","-","+-","+"
"777","W10004_1143/PHZ51","+","+","+-","+-","-","+","+","-","-","+-"
"778","W10004_1146/PHZ51","+","+","+-","+-","-","+","+","-","-","+-"
"779","W10004_1156/PHK76","+","+","+","-","-","+","+","+-","+-","+"
"780","W10004_1156/PHZ51","+","+","+-","+-","-","+","+","+-","-","+-"
